1;Linus Moon
2;Callum Nichols
3;Ali Frazier
4;Morgan Gonzales
5;Dalton Cook
6;Oscar Delacruz
7;Vernon Mason
8;Raphael Horn
9;Henry Reilly
10;Baker Delaney
11;Maite Allen
12;Aaron Howell
13;Melissa Carey
14;Rooney Clark
15;Hedley Wise
16;Quynn Anderson
17;Debra Pate
18;Carter Maynard
19;Howard Keith
20;Kameko Rice
21;Cameron Hines
22;Gillian Mays
23;Henry Burt
24;Hashim Morton
25;Leroy Marshall
26;Jayme Dillard
27;Kylie Casey
28;Howard Macias
29;Vaughan Barlow
30;Travis Holder
31;Jarrod Finch
32;Howard Porter
33;Audra Lawson
34;Chantale Norman
35;Rowan Zimmerman
36;Roary Humphrey
37;Martha Curtis
38;Baker Mcleod
39;Mia Sims
40;Travis Moses
41;Mannix Shelton
42;Geraldine Jackson
43;Caldwell Gilbert
44;Dexter Coffey
45;Tana Kennedy
46;Lyle Barnett
47;Diana Oneil
48;Timothy Clemons
49;Merrill Fuller
50;Felix Weber
51;Dana Hunt
52;Wylie Norton
53;Galena Baxter
54;Oscar Whitehead
55;Amena Gordon
56;Marsden Case
57;Frances Dyer
58;Inez Guy
59;Francis Vang
60;Lydia Dudley
61;Charity Leon
62;Edan Norris
63;Aretha Henson
64;Graham Hines
65;Adrian Douglas
66;Wang Sweet
67;Mollie Mercado
68;Xanthus Vincent
69;Tashya Ware
70;Mark Nash
71;Hilda Brady
72;Raya Pollard
73;Brittany Shaffer
74;Hop Cannon
75;Nero Keith
76;Xena Patton
77;Abraham Cherry
78;Hermione Miles
79;Lillian Dillon
80;Jorden Soto
81;Zelenia Avery
82;Allen Pearson
83;Tashya Adams
84;Emmanuel Allen
85;Gemma Gates
86;Omar Kane
87;Rama Holt
88;Cathleen Buchanan
89;Dylan Holman
90;Kylie Moody
91;Emma Velez
92;Jin Baird
93;Isabelle Cardenas
94;Fiona Hodge
95;Murphy Bolton
96;Shafira Schultz
97;Jael Bray
98;Yasir Wolfe
99;Keegan Mejia
100;Allen Dennis
